species,sepal_length,sepal_width,petal_length,petal_width
setosa,5.005999999999999,3.428000000000001,1.4620000000000002,0.2459999999999999
versicolor,5.936,2.7700000000000005,4.26,1.3259999999999998
virginica,6.587999999999998,2.9739999999999998,5.552,2.026
